Img,GT,Egg,Grade,Real,Stage,Img_Location
1,0,7,5,1,25,.
2,1,8,4,1,25,.
3,0,11,4,1,25,.
4,0,12,5,1,25,.
5,0,17,4,1,25,.
6,1,19,4,1,25,.
7,0,22,4,1,25,.
8,0,28,4,1,25,.
9,1,30,4,1,25,.
10,0,31,4,1,25,.
11,1,32,4,1,25,.
12,0,38,4,1,25,.
13,1,39,4,1,25,.
14,1,40,4,1,25,.
15,1,42,5,1,25,.
16,1,43,4,1,25,.
17,1,44,4,1,25,.
18,0,48,5,1,25,.
19,0,52,5,1,25,.
20,1,54,4,1,25,.
21,1,55,4,1,25,.
22,1,58,4,1,25,.
23,1,62,5,1,25,.
24,1,64,4,1,25,.
25,0,66,4,1,25,.
26,1,67,5,1,25,.
27,1,91,4,1,25,.
28,0,92,5,1,25,.
29,0,94,4,1,25,.
30,0,95,4,1,25,.
31,1,96,4,1,25,.
32,0,97,4,1,25,.
33,1,99,5,1,25,.
34,1,103,4,1,25,.
35,1,105,5,1,25,.
36,1,106,5,1,25,.
37,1,108,4,1,25,.
38,1,109,5,1,25,.
39,1,110,4,1,25,.
40,0,112,5,1,25,.
41,1,117,4,1,25,.
42,0,118,5,1,25,.
43,0,122,4,1,25,.
44,0,123,4,1,25,.
45,1,124,5,1,25,.
46,1,126,5,1,25,.
47,0,128,5,1,25,.
48,0,129,4,1,25,.
49,1,130,4,1,25,.
50,1,131,4,1,25,.
51,0,134,4,1,25,.
52,1,143,4,1,25,.
53,1,145,5,1,25,.
54,0,147,4,1,25,.
55,0,149,4,1,25,.
56,0,150,5,1,25,.
57,1,151,5,1,25,.
58,0,152,5,1,25,.
59,1,153,5,1,25,.
60,0,154,4,1,25,.
61,1,155,4,1,25,.
62,0,156,4,1,25,.
63,0,157,4,1,25,.
64,0,158,5,1,25,.
65,1,162,4,1,25,.
66,0,163,5,1,25,.
67,0,165,4,1,25,.
68,0,167,4,1,25,.
69,0,168,4,1,25,.
70,1,169,4,1,25,.
71,1,171,5,1,25,.
72,1,173,4,1,25,.
73,1,174,4,1,25,.
74,0,175,4,1,25,.
75,1,176,5,1,25,.
76,0,178,5,1,25,.
77,1,179,5,1,25,.
78,0,180,4,1,25,.
79,1,181,4,1,25,.
80,0,182,4,1,25,.
81,0,183,5,1,25,.
82,0,185,5,1,25,.
83,0,186,4,1,25,.
84,0,187,4,1,25,.
85,0,188,5,1,25,.
86,1,189,5,1,25,.
87,0,190,4,1,25,.
88,0,191,4,1,25,.
89,1,197,4,1,25,.
90,1,198,4,1,25,.
91,0,199,4,1,25,.
92,1,200,4,1,25,.
93,1,202,4,1,25,.
94,0,205,5,1,25,.
95,0,211,5,1,25,.
96,1,224,4,1,25,.
97,0,225,5,1,25,.
98,1,226,4,1,25,.
99,0,227,5,1,25,.
100,1,228,4,1,25,.
101,0,229,4,1,25,.
102,0,230,4,1,25,.
103,1,233,4,1,25,.
104,0,234,4,1,25,.
105,0,237,5,1,25,.
106,1,238,4,1,25,.
107,1,239,5,1,25,.
108,1,241,5,1,25,.
109,1,248,5,1,25,.
110,0,283,4,1,25,.
111,1,289,4,1,25,.
112,1,304,5,1,25,.
113,0,305,5,1,25,.
114,0,309,4,1,25,.
115,0,310,4,1,25,.
116,1,311,4,1,25,.
117,1,313,5,1,25,.
118,1,314,4,1,25,.
119,0,315,4,1,25,.
120,1,316,4,1,25,.
121,1,317,5,1,25,.
122,1,320,4,1,25,.
123,0,323,4,1,25,.
124,1,324,4,1,25,.
125,0,326,4,1,25,.
126,0,330,4,1,25,.
127,0,333,4,1,25,.
128,1,334,4,1,25,.
129,1,335,4,1,25,.
130,0,337,5,1,25,.
131,0,338,4,1,25,.
132,0,340,4,1,25,.
133,1,342,5,1,25,.
134,1,343,4,1,25,.
135,0,344,4,1,25,.
136,0,346,4,1,25,.
137,0,353,5,1,25,.
138,0,361,4,1,25,.
139,0,372,4,1,25,.
140,0,373,4,1,25,.
141,1,374,5,1,25,.
142,0,375,4,1,25,.
143,0,376,4,1,25,.
144,0,377,4,1,25,.
145,0,378,4,1,25,.
146,0,379,4,1,25,.
147,1,381,4,1,25,.
148,1,382,4,1,25,.
149,1,383,5,1,25,.
150,1,384,5,1,25,.
151,0,385,4,1,25,.
152,0,386,5,1,25,.
153,1,393,5,1,25,.
154,1,394,5,1,25,.
155,0,395,5,1,25,.
156,0,396,5,1,25,.
157,1,397,4,1,25,.
158,1,398,4,1,25,.
159,0,400,4,1,25,.
160,1,401,5,1,25,.
161,1,402,4,1,25,.
162,0,403,5,1,25,.
163,1,404,4,1,25,.
164,1,406,5,1,25,.
165,0,407,4,1,25,.
166,0,408,4,1,25,.
167,0,409,5,1,25,.
168,0,410,5,1,25,.
169,0,411,4,1,25,.
170,1,412,4,1,25,.
171,1,413,5,1,25,.
172,0,417,4,1,25,.
173,0,420,5,1,25,.
174,0,422,4,1,25,.
175,1,423,5,1,25,.
176,0,424,4,1,25,.
177,1,425,4,1,25,.
178,1,426,5,1,25,.
179,0,429,4,1,25,.
180,0,431,5,1,25,.
181,1,435,4,1,25,.
182,0,436,5,1,25,.
183,0,437,5,1,25,.
184,0,438,4,1,25,.
185,0,439,5,1,25,.
186,1,440,4,1,25,.
187,0,441,5,1,25,.
188,0,442,4,1,25,.
189,0,444,4,1,25,.
190,0,449,5,1,25,.
191,0,453,5,1,25,.
192,0,454,5,1,25,.
193,0,460,5,1,25,.
194,0,461,5,1,25,.
195,1,462,5,1,25,.
196,1,466,5,1,25,.
197,1,467,4,1,25,.
198,0,468,4,1,25,.
199,0,469,4,1,25,.
200,0,470,4,1,25,.
201,0,472,5,1,25,.
202,1,473,5,1,25,.
203,0,474,4,1,25,.
204,0,475,4,1,25,.
205,1,476,4,1,25,.
206,1,477,4,1,25,.
207,1,478,5,1,25,.
208,0,481,4,1,25,.
209,0,484,4,1,25,.
210,0,487,5,1,25,.
211,0,488,4,1,25,.
212,1,489,5,1,25,.
213,1,491,4,1,25,.
214,0,492,5,1,25,.
215,1,498,5,1,25,.
216,0,500,4,1,25,.
217,1,502,4,1,25,.
218,0,503,4,1,25,.
219,1,505,4,1,25,.
220,1,507,5,1,25,.
221,1,508,5,1,25,.
222,0,509,4,1,25,.
223,1,510,5,1,25,.
224,0,512,5,1,25,.
225,1,513,5,1,25,.
226,1,515,5,1,25,.
227,1,516,5,1,25,.
228,0,517,4,1,25,.
229,0,519,4,1,25,.
230,0,521,5,1,25,.
231,0,522,4,1,25,.
232,1,524,5,1,25,.
233,0,525,5,1,25,.
234,1,526,4,1,25,.
235,0,527,4,1,25,.
236,0,528,4,1,25,.
237,0,529,4,1,25,.
238,0,530,5,1,25,.
239,1,532,4,1,25,.
240,0,533,4,1,25,.
241,0,534,4,1,25,.
242,0,535,4,1,25,.
243,0,537,4,1,25,.
244,1,538,4,1,25,.
245,0,539,5,1,25,.
246,0,540,5,1,25,.
247,0,546,4,1,25,.
248,0,547,4,1,25,.
249,1,548,5,1,25,.
250,0,549,4,1,25,.
251,0,550,5,1,25,.
252,0,551,5,1,25,.
253,1,552,5,1,25,.
254,0,553,4,1,25,.
255,1,559,5,1,25,.
256,0,560,5,1,25,.
257,1,561,5,1,25,.
258,1,564,5,1,25,.
259,1,565,5,1,25,.
260,1,566,5,1,25,.
261,0,567,5,1,25,.
262,1,568,5,1,25,.
263,0,569,5,1,25,.
264,0,585,5,1,25,.
265,0,586,5,1,25,.
266,0,588,4,1,25,.
267,0,590,5,1,25,.
268,1,591,5,1,25,.
269,0,592,5,1,25,.
270,1,593,4,1,25,.
271,0,594,5,1,25,.
272,1,595,4,1,25,.
273,1,598,4,1,25,.
274,0,600,4,1,25,.
275,1,601,4,1,25,.
276,0,602,5,1,25,.
277,0,603,5,1,25,.
278,1,606,4,1,25,.
279,0,609,4,1,25,.
280,0,610,4,1,25,.
281,1,613,4,1,25,.
282,1,614,4,1,25,.
283,1,617,4,1,25,.
284,0,618,4,1,25,.
285,0,620,5,1,25,.
286,1,621,4,1,25,.
287,0,622,4,1,25,.
288,0,623,4,1,25,.
289,1,624,5,1,25,.
290,0,625,5,1,25,.
291,0,627,4,1,25,.
292,1,628,4,1,25,.
293,0,631,4,1,25,.
294,1,632,5,1,25,.
295,0,633,5,1,25,.
296,1,634,5,1,25,.
297,0,635,5,1,25,.
298,1,636,4,1,25,.
299,1,637,5,1,25,.
300,1,638,4,1,25,.
301,1,639,4,1,25,.
302,1,640,5,1,25,.
303,1,641,5,1,25,.
304,1,642,5,1,25,.
305,1,643,4,1,25,.
306,1,644,5,1,25,.
307,1,646,4,1,25,.
308,0,648,4,1,25,.
309,1,649,4,1,25,.
310,0,651,4,1,25,.
311,0,652,5,1,25,.
312,0,653,4,1,25,.
313,0,654,4,1,25,.
314,0,655,4,1,25,.
315,1,656,4,1,25,.
316,0,657,4,1,25,.
317,1,658,4,1,25,.
318,0,659,4,1,25,.
319,1,660,4,1,25,.
320,1,661,5,1,25,.
321,0,663,4,1,25,.
322,0,665,5,1,25,.
323,1,668,4,1,25,.
324,1,669,5,1,25,.
325,1,670,5,1,25,.
326,0,671,5,1,25,.
327,1,672,4,1,25,.
328,0,674,4,1,25,.
329,1,676,5,1,25,.
330,1,677,5,1,25,.
331,0,678,4,1,25,.
332,1,680,4,1,25,.
333,1,681,4,1,25,.
334,1,682,5,1,25,.
335,1,683,5,1,25,.
336,0,685,4,1,25,.
337,1,686,5,1,25,.
338,0,687,4,1,25,.
339,0,688,4,1,25,.
340,1,695,5,2,25,.
341,1,706,4,2,25,.
342,0,729,5,1,25,.
343,0,730,5,1,25,.
344,1,731,4,1,25,.
345,0,733,5,1,25,.
346,1,734,5,1,25,.
347,0,736,4,1,25,.
348,1,737,5,1,25,.
349,1,738,5,1,25,.
350,0,739,5,1,25,.
351,0,740,5,1,25,.
352,0,741,5,1,25,.
353,0,742,5,1,25,.
354,0,744,4,1,25,.
355,1,745,5,1,25,.
356,1,746,5,1,25,.
357,0,747,5,1,25,.
358,1,748,5,1,25,.
359,0,751,5,1,25,.
360,1,752,5,1,25,.
361,1,754,5,1,25,.
362,0,755,4,1,25,.
363,0,756,5,1,25,.
364,1,757,5,1,25,.
365,0,759,4,1,25,.
366,0,760,5,1,25,.
367,0,761,4,1,25,.
368,1,762,5,1,25,.
369,1,764,4,1,25,.
370,1,766,5,1,25,.
371,1,768,5,1,25,.
372,0,770,5,1,25,.
373,1,772,4,1,25,.
374,0,790,4,1,25,.
375,1,793,4,1,25,.
376,0,794,5,1,25,.
377,1,796,5,1,25,.
378,0,798,4,1,25,.
379,0,799,4,1,25,.
380,1,800,4,1,25,.
381,0,801,5,1,25,.
382,0,808,5,1,25,.
383,1,809,4,1,25,.
384,1,810,4,1,25,.
385,1,811,5,1,25,.
386,0,813,4,1,25,.
387,0,846,5,1,25,.
388,1,848,5,1,25,.
389,0,849,5,1,25,.
390,0,850,4,1,25,.
391,1,851,5,1,25,.
392,1,852,5,1,25,.
393,0,853,4,1,25,.
394,0,854,5,1,25,.
395,0,855,5,1,25,.
396,0,856,5,1,25,.
397,1,857,4,1,25,.
398,0,858,5,1,25,.
399,0,859,5,1,25,.
400,0,860,5,1,25,.
401,1,861,5,1,25,.
402,0,862,5,1,25,.
403,0,863,4,1,25,.
404,0,864,5,1,25,.
405,1,866,4,1,25,.
406,0,867,5,1,25,.
407,0,868,5,1,25,.
408,0,869,5,1,25,.
409,1,870,5,1,25,.
410,1,871,4,1,25,.
411,0,873,5,1,25,.
412,0,874,5,1,25,.
413,1,876,4,1,25,.
414,0,877,4,1,25,.
415,0,878,4,1,25,.
416,0,880,5,1,25,.
417,1,881,5,1,25,.
418,1,882,5,1,25,.
419,0,883,5,1,25,.
420,0,884,4,1,25,.
421,0,887,5,1,25,.
422,1,889,5,1,25,.
423,0,890,4,1,25,.
424,0,891,5,1,25,.
425,1,892,4,1,25,.
426,1,893,4,1,25,.
427,1,894,4,1,25,.
428,1,895,5,1,25,.
429,1,896,4,1,25,.
430,1,897,5,1,25,.
431,1,899,4,1,25,.
432,1,902,4,1,25,.
433,0,903,5,1,25,.
434,0,904,5,1,25,.
435,0,908,5,1,25,.
436,0,909,4,1,25,.
437,0,910,4,1,25,.
438,0,911,4,1,25,.
439,1,912,4,1,25,.
440,0,913,4,1,25,.
441,1,915,5,1,25,.
442,1,916,5,1,25,.
443,0,917,5,1,25,.
444,1,918,4,1,25,.
445,0,919,5,1,25,.
446,0,920,4,1,25,.
447,1,921,5,1,25,.
448,0,922,5,1,25,.
449,1,926,5,1,25,.
450,0,927,4,1,25,.
451,0,930,4,1,25,.
452,1,934,4,1,25,.
453,0,935,4,1,25,.
454,1,936,4,1,25,.
455,0,937,4,1,25,.
456,0,940,4,1,25,.
457,1,941,5,1,25,.
458,1,942,5,1,25,.
459,1,943,4,1,25,.
460,1,944,5,1,25,.
461,1,945,5,1,25,.
462,1,946,4,1,25,.
463,0,947,5,1,25,.
464,1,948,5,1,25,.
465,0,949,4,1,25,.
466,0,950,4,1,25,.
467,0,951,4,1,25,.
468,0,952,5,1,25,.
469,1,953,5,1,25,.
470,0,954,4,1,25,.
471,1,955,4,1,25,.
472,1,957,5,1,25,.
473,1,958,5,1,25,.
474,1,959,5,1,25,.
475,1,960,5,1,25,.
476,1,961,5,1,25,.
477,0,964,5,1,25,.
478,0,965,5,1,25,.
479,1,966,5,1,25,.
480,0,967,4,1,25,.
481,1,968,4,1,25,.
482,0,969,5,1,25,.
483,1,970,4,1,25,.
484,1,971,5,1,25,.
485,1,972,5,1,25,.
486,1,973,5,1,25,.
487,0,974,4,1,25,.
488,0,975,5,1,25,.
489,0,976,5,1,25,.
490,1,977,4,1,25,.
491,0,978,5,1,25,.
492,0,979,5,1,25,.
493,1,986,5,1,25,.
494,0,1057,5,1,25,.
495,1,1058,5,1,25,.
496,0,1059,5,1,25,.
497,1,1060,5,1,25,.
498,1,1061,5,1,25,.
499,1,1062,4,1,25,.
500,0,1064,4,1,25,.
501,0,1065,4,1,25,.
502,0,1066,5,1,25,.
503,0,1069,5,1,25,.
504,0,1070,5,1,25,.
505,0,1071,4,1,25,.
506,1,1072,5,1,25,.
507,0,1073,5,1,25,.
508,0,1074,4,1,25,.
509,0,1075,4,1,25,.
510,0,1077,5,1,25,.
511,0,1078,5,1,25,.
512,1,1079,4,1,25,.
513,1,1080,4,1,25,.
514,0,1081,5,1,25,.
515,1,1082,5,1,25,.
516,0,1084,5,1,25,.
517,1,1085,5,1,25,.
518,1,1086,4,1,25,.
519,0,1087,5,1,25,.
520,1,1090,4,1,25,.
521,1,1092,4,1,25,.
522,1,1094,4,1,25,.
523,1,1095,5,1,25,.
524,0,1098,4,1,25,.
525,0,1101,4,1,25,.
526,0,1102,5,1,25,.
527,1,1104,4,1,25,.
528,0,1105,4,1,25,.
529,1,1107,4,1,25,.
530,1,1108,4,1,25,.
531,1,1109,4,1,25,.
532,1,1110,5,1,25,.
533,0,1111,4,1,25,.
534,0,1112,5,1,25,.
535,0,1115,5,1,25,.
536,0,1116,5,1,25,.
537,0,1117,5,1,25,.
538,0,1118,5,1,25,.
539,0,1119,5,1,25,.
540,1,1120,5,1,25,.
541,0,1121,4,1,25,.
542,0,1122,5,1,25,.
543,0,1123,5,1,25,.
544,0,1124,5,1,25,.
545,1,1125,5,1,25,.
546,0,1126,5,1,25,.
547,0,1127,5,1,25,.
548,0,1129,4,1,25,.
549,0,1134,4,1,25,.
550,0,1135,5,1,25,.
551,0,1138,4,1,25,.
552,1,1139,5,1,25,.
553,1,1140,4,1,25,.
554,1,1141,4,1,25,.
555,0,1142,4,1,25,.
556,0,1143,4,1,25,.
557,0,1144,5,1,25,.
558,0,1145,4,1,25,.
559,0,1147,4,1,25,.
560,1,1148,5,1,25,.
561,1,1149,5,1,25,.
562,1,1150,5,1,25,.
563,1,1151,4,1,25,.
564,0,1152,4,1,25,.
565,1,1154,4,1,25,.
566,0,1155,5,1,25,.
567,0,1164,5,1,25,.
568,1,1165,5,1,25,.
569,0,1166,4,1,25,.
570,1,1167,4,1,25,.
571,0,1169,4,1,25,.
572,0,1170,5,1,25,.
573,0,1172,5,1,25,.
574,0,1177,4,1,25,.
575,0,1178,4,1,25,.
576,1,1179,4,1,25,.
577,1,1184,4,1,25,.
578,0,1185,4,1,25,.
579,1,1200,4,1,25,.
580,1,1201,4,1,25,.
581,0,1202,4,1,25,.
582,1,1204,4,1,25,.
583,1,1205,4,1,25,.
584,1,1207,5,1,25,.
585,0,1208,4,1,25,.
586,0,1209,4,1,25,.
587,0,1210,5,1,25,.
588,1,1211,4,1,25,.
589,1,1213,4,1,25,.
590,1,1215,4,1,25,.
591,0,1216,4,1,25,.
592,0,1217,4,1,25,.
593,1,1218,5,1,25,.
594,0,1219,5,1,25,.
595,1,1220,5,1,25,.
596,0,1221,5,1,25,.
597,1,1222,4,1,25,.
598,1,1223,5,1,25,.
599,0,1224,4,1,25,.
600,1,1225,4,1,25,.
601,1,1226,5,1,25,.
602,0,1227,5,1,25,.
603,1,1228,5,1,25,.
604,0,1229,5,1,25,.
605,0,1230,4,1,25,.
606,1,1232,5,1,25,.
607,0,1233,5,1,25,.
608,0,1234,4,1,25,.
609,0,1235,5,1,25,.
610,1,1236,5,1,25,.
611,0,1237,5,1,25,.
612,1,1238,4,1,25,.
613,1,1240,4,1,25,.
614,1,1241,4,1,25,.
615,0,1242,4,1,25,.
616,0,1243,4,1,25,.
617,1,1244,4,1,25,.
618,0,1245,5,1,25,.
619,1,1246,5,1,25,.
620,0,1247,5,1,25,.
621,1,1248,5,1,25,.
622,0,1249,5,1,25,.
623,0,1250,5,1,25,.
624,0,1251,5,1,25,.
625,0,1253,4,1,25,.
626,0,1254,4,1,25,.
627,1,1255,5,1,25,.
628,1,1256,5,1,25,.
629,1,1257,4,1,25,.
630,1,1258,5,1,25,.
631,1,1259,5,1,25,.
632,0,1260,5,1,25,.
633,1,1261,4,1,25,.
634,1,1262,4,1,25,.
635,0,1263,5,1,25,.
636,0,1264,5,1,25,.
637,1,1265,5,1,25,.
638,1,1266,5,1,25,.
639,0,1267,5,1,25,.
640,1,1268,4,1,25,.
641,1,1269,5,1,25,.
642,0,1270,5,1,25,.
643,1,1272,4,1,25,.
644,1,1273,4,1,25,.
645,0,1274,5,1,25,.
646,1,1276,5,1,25,.
647,0,1277,4,1,25,.
648,1,1288,4,1,25,.
649,1,1289,4,1,25,.
650,0,1291,4,1,25,.
651,0,1292,4,1,25,.
652,0,1295,4,1,25,.
653,1,1296,4,1,25,.
654,0,1298,4,1,25,.
655,0,1299,4,1,25,.
656,0,1300,4,1,25,.
657,0,1301,4,1,25,.
658,0,1302,4,1,25,.
659,0,1303,5,1,25,.
660,1,1304,4,1,25,.
661,0,1306,4,1,25,.
662,1,1308,5,1,25,.
663,1,1309,5,1,25,.
664,0,1310,4,1,25,.
665,1,1311,4,1,25,.
666,1,1312,5,1,25,.
667,0,1315,4,1,25,.
668,0,1316,4,1,25,.
669,1,1317,4,1,25,.
670,1,1319,4,1,25,.
671,0,1321,5,1,25,.
672,0,1322,5,1,25,.
673,0,1326,5,1,25,.
674,1,1330,5,1,25,.
675,0,1332,4,1,25,.
676,1,1333,5,1,25,.
677,0,1334,4,1,25,.
678,1,1337,5,1,25,.
679,0,1338,5,1,25,.
680,1,1339,5,1,25,.
681,0,1341,5,1,25,.
682,1,1342,5,1,25,.
683,1,1343,5,1,25,.
684,1,1344,4,1,25,.
685,1,1345,5,1,25,.
686,1,1346,5,1,25,.
687,1,1347,4,1,25,.
688,0,1348,4,1,25,.
689,1,1350,4,1,25,.
690,1,1352,4,1,25,.
691,1,1356,4,1,25,.
692,1,1359,5,1,25,.
693,0,655,4,2,25,.
694,0,786,5,2,25,.
695,1,792,4,2,25,.
696,1,793,4,2,25,.
697,0,794,5,2,25,.
698,1,796,5,2,25,.
699,0,798,4,2,25,.
700,0,799,5,2,25,.
701,0,801,5,2,25,.
702,0,802,5,2,25,.
703,1,809,4,2,25,.
704,1,810,4,2,25,.
705,1,811,5,2,25,.
706,0,813,4,2,25,.
707,1,816,5,2,25,.
708,0,818,5,2,25,.
709,1,820,5,2,25,.
710,1,821,5,2,25,.
711,0,823,5,2,25,.
712,0,824,5,2,25,.
713,0,826,5,2,25,.
714,0,827,5,2,25,.
715,0,828,5,2,25,.
716,0,830,4,2,25,.
717,1,831,5,2,25,.
718,0,832,5,2,25,.
719,0,833,5,2,25,.
720,0,834,5,2,25,.
721,0,835,5,2,25,.
722,1,836,4,2,25,.
723,1,837,5,2,25,.
724,0,838,5,2,25,.
725,1,839,5,2,25,.
726,0,840,5,2,25,.
727,0,841,4,2,25,.
728,0,842,5,2,25,.
729,1,843,5,2,25,.
730,1,844,5,2,25,.
731,0,845,5,2,25,.
732,0,849,5,2,25,.
733,1,881,4,2,25,.
734,0,883,5,2,25,.
735,0,884,4,2,25,.
736,1,885,5,2,25,.
737,1,886,4,2,25,.
738,0,887,4,2,25,.
739,0,888,4,2,25,.
740,1,889,5,2,25,.
741,0,890,4,2,25,.
742,0,891,4,2,25,.
743,1,892,4,2,25,.
744,1,893,5,2,25,.
745,1,894,5,2,25,.
746,1,895,5,2,25,.
747,1,896,5,2,25,.
748,1,897,4,2,25,.
749,0,898,5,2,25,.
750,1,899,5,2,25,.
751,1,900,5,2,25,.
752,0,903,5,2,25,.
753,0,904,4,2,25,.
754,0,978,5,2,25,.
755,0,984,4,2,25,.
756,1,986,4,2,25,.
757,1,988,5,2,25,.
758,0,990,5,2,25,.
759,1,999,5,2,25,.
760,0,1000,4,2,25,.
761,1,1001,5,2,25,.
762,0,1002,4,2,25,.
763,0,1003,5,2,25,.
764,0,1004,5,2,25,.
765,0,1008,5,2,25,.
766,0,1012,4,2,25,.
767,0,1013,5,2,25,.
768,0,1015,5,2,25,.
769,0,1017,4,2,25,.
770,0,1018,4,2,25,.
771,0,1019,5,2,25,.
772,1,1021,4,2,25,.
773,1,1023,4,2,25,.
774,1,1024,5,2,25,.
775,0,1025,4,2,25,.
776,1,1027,5,2,25,.
777,0,1028,4,2,25,.
778,1,1029,5,2,25,.
779,1,1031,5,2,25,.
780,0,1032,5,2,25,.
781,1,1033,4,2,25,.
782,1,1035,4,2,25,.
783,1,1037,4,2,25,.
784,1,1040,4,2,25,.
785,1,1041,5,2,25,.
786,1,1042,5,2,25,.
787,1,1043,5,2,25,.
788,0,1044,5,2,25,.
789,1,1045,5,2,25,.
790,0,1046,4,2,25,.
791,0,1047,5,2,25,.
792,0,1051,5,2,25,.
793,0,1052,5,2,25,.
794,1,1054,4,2,25,.
795,1,1056,4,2,25,.
796,1,1110,5,2,25,.
797,0,1112,4,2,25,.
798,0,1114,4,2,25,.
799,0,1115,4,2,25,.
800,0,1116,4,2,25,.
801,0,1118,4,2,25,.
802,0,1119,4,2,25,.
803,1,1120,4,2,25,.
804,0,1122,4,2,25,.
805,0,1123,4,2,25,.
806,0,1124,4,2,25,.
807,1,1125,5,2,25,.
808,0,1126,5,2,25,.
809,0,1127,4,2,25,.
810,1,1131,4,2,25,.
811,1,1132,4,2,25,.
812,0,1134,4,2,25,.
813,0,1135,4,2,25,.
814,0,1136,4,2,25,.
815,1,1137,4,2,25,.
816,0,1138,4,2,25,.
817,1,1139,5,2,25,.
818,0,1144,5,2,25,.
819,0,1147,4,2,25,.
820,1,1148,4,2,25,.
821,1,1149,4,2,25,.
822,1,1150,5,2,25,.
823,1,1151,4,2,25,.
824,0,1152,5,2,25,.
825,1,1153,5,2,25,.
826,1,1154,4,2,25,.
827,1,1200,4,2,25,.
828,1,1201,4,2,25,.
829,0,1202,4,2,25,.
830,1,1204,4,2,25,.
831,1,1205,5,2,25,.
832,0,1208,5,2,25,.
833,0,1209,5,2,25,.
834,0,1210,5,2,25,.
835,1,1211,4,2,25,.
836,1,1213,5,2,25,.
837,0,1214,4,2,25,.
838,1,1215,4,2,25,.
839,0,1216,4,2,25,.
840,1,1218,4,2,25,.
841,0,1219,5,2,25,.
842,1,1220,5,2,25,.
843,0,1221,5,2,25,.
844,1,1222,4,2,25,.
845,1,1223,4,2,25,.
846,0,1224,4,2,25,.
847,1,1225,5,2,25,.
848,1,1226,5,2,25,.
849,0,1227,5,2,25,.
850,1,1228,5,2,25,.
851,0,1229,5,2,25,.
852,1,1232,5,2,25,.
853,0,1233,5,2,25,.
854,0,1234,5,2,25,.
855,0,1235,5,2,25,.
856,1,1236,5,2,25,.
857,0,1237,5,2,25,.
858,1,1238,5,2,25,.
859,1,1240,5,2,25,.
860,1,1241,4,2,25,.
861,0,1242,5,2,25,.
862,0,1243,5,2,25,.
863,1,1244,5,2,25,.
864,0,1245,4,2,25,.
865,1,1246,5,2,25,.
866,0,1247,4,2,25,.
867,1,1248,4,2,25,.
868,0,1249,4,2,25,.
869,0,1250,4,2,25,.
870,0,1251,4,2,25,.
871,0,1254,4,2,25,.
872,1,1255,4,2,25,.
873,1,1256,4,2,25,.
874,1,1257,4,2,25,.
875,1,1258,5,2,25,.
876,0,1260,4,2,25,.
877,1,1261,4,2,25,.
878,1,1262,4,2,25,.
879,0,1263,4,2,25,.
880,0,1264,4,2,25,.
881,1,1265,4,2,25,.
882,1,1266,4,2,25,.
883,0,1267,5,2,25,.
884,1,1268,4,2,25,.
885,1,1269,4,2,25,.
886,0,1270,4,2,25,.
887,0,1271,4,2,25,.
888,1,1272,5,2,25,.
889,1,1273,5,2,25,.
890,0,1274,4,2,25,.
891,1,1280,4,2,25,.
892,1,1289,5,2,25,.
893,0,1291,4,2,25,.
894,1,1294,4,2,25,.
895,0,1295,5,2,25,.
896,1,1296,4,2,25,.
897,1,1297,4,2,25,.
898,0,1298,4,2,25,.
899,0,1300,5,2,25,.
900,0,1301,4,2,25,.
901,0,1302,4,2,25,.
902,0,1303,4,2,25,.
903,1,1304,4,2,25,.
904,0,1306,4,2,25,.
905,1,1308,5,2,25,.
906,1,1309,4,2,25,.
907,0,1310,5,2,25,.
908,1,1311,4,2,25,.
909,1,1312,5,2,25,.
910,0,1315,5,2,25,.
911,0,1316,5,2,25,.
912,1,1319,5,2,25,.
913,0,1321,5,2,25,.
914,0,1322,5,2,25,.
915,0,1326,4,2,25,.
916,1,1330,5,2,25,.
917,0,1331,4,2,25,.
918,0,1332,4,2,25,.
919,1,1333,4,2,25,.
920,1,1337,4,2,25,.
921,0,1338,5,2,25,.
922,1,1339,4,2,25,.
923,0,1341,4,2,25,.
924,1,1342,5,2,25,.
925,1,1343,4,2,25,.
926,1,1344,4,2,25,.
927,1,1345,5,2,25,.
928,1,1346,5,2,25,.
929,1,1352,4,2,25,.
930,1,595,5,3,25,.
931,1,601,4,3,25,.
932,0,602,5,3,25,.
933,0,603,5,3,25,.
934,0,605,5,3,25,.
935,1,606,5,3,25,.
936,1,810,4,3,25,.
937,0,1057,5,3,25,.
938,1,1058,5,2,25,.
939,0,1059,4,2,25,.
940,1,1060,5,2,25,.
941,1,1061,4,2,25,.
942,1,1062,5,2,25,.
943,1,1063,4,2,25,.
944,0,1064,5,2,25,.
945,0,1065,4,2,25,.
946,0,1066,5,2,25,.
947,0,1070,4,2,25,.
948,1,1072,5,2,25,.
949,0,1073,4,2,25,.
950,0,1074,5,2,25,.
951,0,1075,4,2,25,.
952,0,1076,4,2,25,.
953,0,1078,4,2,25,.
954,0,1081,5,2,25,.
955,1,1082,5,2,25,.
956,0,1084,5,2,25,.
957,1,1085,4,2,25,.
958,0,1087,4,2,25,.
959,1,1092,5,2,25,.
960,0,1093,5,2,25,.
961,1,1094,5,2,25,.
962,1,1095,5,2,25,.
963,1,1096,5,2,25,.
964,1,1097,5,2,25,.
965,0,1098,5,2,25,.
966,1,1099,4,2,25,.
967,1,1100,5,2,25,.
968,0,1101,5,2,25,.
969,0,1102,5,2,25,.
970,1,1103,4,2,25,.
971,1,1109,5,2,25,.
972,1,1110,4,3,25,.
973,0,1112,5,3,25,.
974,0,1115,4,3,25,.
975,0,1117,4,3,25,.
976,1,1125,5,3,25,.
977,0,1126,4,3,25,.
978,1,1132,4,3,25,.
979,0,1134,4,3,25,.
980,0,1135,4,3,25,.
981,0,1136,4,3,25,.
982,1,1139,5,3,25,.
983,0,1144,4,3,25,.
984,1,1146,4,3,25,.
985,1,1148,5,3,25,.
986,1,1149,5,3,25,.
987,0,1152,5,3,25,.
988,1,1153,5,3,25,.
989,1,1154,4,3,25,.
990,1,1201,4,3,25,.
991,1,1205,5,3,25,.
992,0,1208,5,3,25,.
993,0,1209,4,3,25,.
994,0,1210,4,3,25,.
995,1,1211,4,3,25,.
996,1,1213,5,3,25,.
997,1,1215,5,3,25,.
998,0,1216,4,3,25,.
999,1,1218,4,3,25,.
1000,0,1219,5,3,25,.
1001,0,1221,5,3,25,.
1002,0,1224,4,3,25,.
1003,1,1225,4,3,25,.
1004,1,1226,4,3,25,.
1005,0,1227,5,3,25,.
1006,1,1228,5,3,25,.
1007,0,1229,4,3,25,.
1008,1,1232,5,3,25,.
1009,0,1233,5,3,25,.
1010,0,1234,4,3,25,.
1011,0,1235,5,3,25,.
1012,1,1236,5,3,25,.
1013,0,1237,5,3,25,.
1014,1,1238,5,3,25,.
1015,1,1240,4,3,25,.
1016,1,1241,5,3,25,.
1017,0,1242,5,3,25,.
1018,0,1243,5,3,25,.
1019,1,1244,4,3,25,.
1020,1,1246,5,3,25,.
1021,0,1247,5,3,25,.
1022,1,1248,5,3,25,.
1023,0,1254,5,3,25,.
1024,1,1272,4,3,25,.
1025,1,1273,5,3,25,.
1026,0,1303,5,3,25,.
1027,1,1308,4,3,25,.
1028,1,1309,5,3,25,.
1029,0,1310,5,3,25,.
1030,1,1311,4,3,25,.
1031,1,1312,5,3,25,.
1032,0,1315,5,3,25,.
1033,0,1316,4,3,25,.
1034,1,1319,5,3,25,.
1035,0,1321,4,3,25,.
1036,0,1322,4,3,25,.
1037,1,1330,5,3,25,.
1038,0,1331,4,3,25,.
1039,0,1332,4,3,25,.
1040,1,1333,5,3,25,.
1041,0,1338,4,3,25,.
1042,1,1339,4,3,25,.
1043,0,1341,5,3,25,.
1044,1,1342,4,3,25,.
1045,1,1343,4,3,25,.
1046,1,1344,4,3,25,.
1047,1,1345,4,3,25,.
1048,1,1346,4,3,25,.
1,1,1,3,1,25,./Lower_quality
2,1,5,3,1,25,./Lower_quality
3,1,9,3,1,25,./Lower_quality
4,1,13,3,1,25,./Lower_quality
5,0,16,3,1,25,./Lower_quality
6,1,24,3,1,25,./Lower_quality
7,0,27,3,1,25,./Lower_quality
8,1,29,3,1,25,./Lower_quality
9,1,37,3,1,25,./Lower_quality
10,0,41,3,1,25,./Lower_quality
11,0,46,3,1,25,./Lower_quality
12,0,49,3,1,25,./Lower_quality
13,0,51,3,1,25,./Lower_quality
14,0,53,3,1,25,./Lower_quality
15,0,56,3,1,25,./Lower_quality
16,0,57,3,1,25,./Lower_quality
17,1,60,3,1,25,./Lower_quality
18,1,65,3,1,25,./Lower_quality
19,0,93,3,1,25,./Lower_quality
20,0,98,3,1,25,./Lower_quality
21,1,100,3,1,25,./Lower_quality
22,1,114,3,1,25,./Lower_quality
23,0,116,3,1,25,./Lower_quality
24,0,135,3,1,25,./Lower_quality
25,1,170,3,1,25,./Lower_quality
26,1,172,3,1,25,./Lower_quality
27,1,177,3,1,25,./Lower_quality
28,1,184,3,1,25,./Lower_quality
29,0,195,3,1,25,./Lower_quality
30,1,206,3,1,25,./Lower_quality
31,0,209,3,1,25,./Lower_quality
32,1,222,3,1,25,./Lower_quality
33,1,223,3,1,25,./Lower_quality
34,0,235,3,1,25,./Lower_quality
35,0,244,3,1,25,./Lower_quality
36,1,246,3,1,25,./Lower_quality
37,0,249,3,1,25,./Lower_quality
38,1,306,3,1,25,./Lower_quality
39,0,308,3,1,25,./Lower_quality
40,1,312,3,1,25,./Lower_quality
41,0,319,3,1,25,./Lower_quality
42,1,322,3,1,25,./Lower_quality
43,0,325,3,1,25,./Lower_quality
44,1,328,3,1,25,./Lower_quality
45,1,329,3,1,25,./Lower_quality
46,1,336,3,1,25,./Lower_quality
47,0,341,3,1,25,./Lower_quality
48,1,345,3,1,25,./Lower_quality
49,0,352,3,1,25,./Lower_quality
50,0,359,3,1,25,./Lower_quality
51,0,380,3,1,25,./Lower_quality
52,1,387,3,1,25,./Lower_quality
53,1,388,3,1,25,./Lower_quality
54,1,389,3,1,25,./Lower_quality
55,1,392,3,1,25,./Lower_quality
56,1,399,3,1,25,./Lower_quality
57,0,405,3,1,25,./Lower_quality
58,1,414,3,1,25,./Lower_quality
59,1,415,3,1,25,./Lower_quality
60,0,419,3,1,25,./Lower_quality
61,0,421,3,1,25,./Lower_quality
62,1,432,3,1,25,./Lower_quality
63,0,443,3,1,25,./Lower_quality
64,0,447,3,1,25,./Lower_quality
65,0,448,3,1,25,./Lower_quality
66,1,450,3,1,25,./Lower_quality
67,0,457,3,1,25,./Lower_quality
68,0,465,3,1,25,./Lower_quality
69,1,480,3,1,25,./Lower_quality
70,0,482,3,1,25,./Lower_quality
71,0,485,3,1,25,./Lower_quality
72,0,497,3,1,25,./Lower_quality
73,0,499,3,1,25,./Lower_quality
74,1,501,3,1,25,./Lower_quality
75,0,504,3,1,25,./Lower_quality
76,1,511,3,1,25,./Lower_quality
77,1,518,3,1,25,./Lower_quality
78,0,520,3,1,25,./Lower_quality
79,1,536,3,1,25,./Lower_quality
80,1,562,3,1,25,./Lower_quality
81,0,596,3,1,25,./Lower_quality
82,1,599,3,1,25,./Lower_quality
83,0,605,3,1,25,./Lower_quality
84,1,626,3,1,25,./Lower_quality
85,0,629,3,1,25,./Lower_quality
86,1,645,3,1,25,./Lower_quality
87,1,647,3,1,25,./Lower_quality
88,0,662,3,1,25,./Lower_quality
89,1,664,3,1,25,./Lower_quality
90,1,666,3,1,25,./Lower_quality
91,1,667,3,1,25,./Lower_quality
92,1,673,3,1,25,./Lower_quality
93,0,675,3,1,25,./Lower_quality
94,1,691,3,1,25,./Lower_quality
95,0,709,3,2,25,./Lower_quality
96,1,710,3,2,25,./Lower_quality
97,0,735,3,1,25,./Lower_quality
98,0,743,3,1,25,./Lower_quality
99,0,769,3,1,25,./Lower_quality
100,0,802,3,1,25,./Lower_quality
101,0,879,3,1,25,./Lower_quality
102,1,885,3,1,25,./Lower_quality
103,1,886,3,1,25,./Lower_quality
104,0,888,3,1,25,./Lower_quality
105,0,898,3,1,25,./Lower_quality
106,1,900,3,1,25,./Lower_quality
107,1,924,3,1,25,./Lower_quality
108,0,925,3,1,25,./Lower_quality
109,1,931,3,1,25,./Lower_quality
110,0,932,3,1,25,./Lower_quality
111,0,933,3,1,25,./Lower_quality
112,1,938,3,1,25,./Lower_quality
113,1,980,3,1,25,./Lower_quality
114,1,981,3,1,25,./Lower_quality
115,1,982,3,1,25,./Lower_quality
116,1,983,3,1,25,./Lower_quality
117,0,984,3,1,25,./Lower_quality
118,0,985,3,1,25,./Lower_quality
119,0,1076,3,1,25,./Lower_quality
120,1,1132,3,1,25,./Lower_quality
121,0,1133,3,1,25,./Lower_quality
122,1,1163,3,1,25,./Lower_quality
123,1,1171,3,1,25,./Lower_quality
124,1,1173,3,1,25,./Lower_quality
125,1,1174,3,1,25,./Lower_quality
126,0,1175,3,1,25,./Lower_quality
127,0,1196,3,1,25,./Lower_quality
128,1,1252,3,1,25,./Lower_quality
129,1,1294,3,1,25,./Lower_quality
130,1,1313,3,1,25,./Lower_quality
131,1,800,3,2,25,./Lower_quality
132,1,803,3,2,25,./Lower_quality
133,0,808,3,2,25,./Lower_quality
134,1,814,3,2,25,./Lower_quality
135,0,817,3,2,25,./Lower_quality
136,0,822,3,2,25,./Lower_quality
137,1,848,3,2,25,./Lower_quality
138,0,878,3,2,25,./Lower_quality
139,1,882,3,2,25,./Lower_quality
140,0,989,3,2,25,./Lower_quality
141,0,1010,3,2,25,./Lower_quality
142,1,1011,3,2,25,./Lower_quality
143,0,1016,3,2,25,./Lower_quality
144,0,1034,3,2,25,./Lower_quality
145,0,1036,3,2,25,./Lower_quality
146,1,1039,3,2,25,./Lower_quality
147,1,1049,3,2,25,./Lower_quality
148,1,1140,3,2,25,./Lower_quality
149,0,1142,3,2,25,./Lower_quality
150,0,1143,3,2,25,./Lower_quality
151,0,1145,3,2,25,./Lower_quality
152,1,1146,3,2,25,./Lower_quality
153,0,1253,3,2,25,./Lower_quality
154,1,1276,3,2,25,./Lower_quality
155,0,1277,3,2,25,./Lower_quality
156,0,1282,3,2,25,./Lower_quality
157,1,1288,3,2,25,./Lower_quality
158,0,1299,3,2,25,./Lower_quality
159,1,598,3,3,25,./Lower_quality
160,0,1069,3,2,25,./Lower_quality
161,1,1086,3,2,25,./Lower_quality
162,0,1118,3,3,25,./Lower_quality
163,0,1121,3,3,25,./Lower_quality
164,0,1127,3,3,25,./Lower_quality
165,0,1145,3,3,25,./Lower_quality
166,1,1204,3,3,25,./Lower_quality
167,0,1214,3,3,25,./Lower_quality
168,1,1220,3,3,25,./Lower_quality
169,0,1245,3,3,25,./Lower_quality
170,1,1297,3,3,25,./Lower_quality
171,0,1326,3,3,25,./Lower_quality
172,1,1337,3,3,25,./Lower_quality